fil,X,Y,Z,ydir,zdir,length,relative_angle,relative_angle_90,dot_product
1,1197,691,90,-51.496146402024046,-1.0804916407390037,106.061303028013,90.48835021275407,-0.4883502127540682,-0.008523215916865345
2,1187,733,93,-80.63321690944329,9.334138132222536,73.98648525237566,101.73378977163004,-11.733789771630049,-0.20336474962993653
3,1418,602,93,45.31053167443064,-0.22018009418756773,260.2229813064173,88.43737406534645,1.5626259346535514,0.027269586656538856
4,1431,623,97,77.93237454644745,-1.474626743072849,38.8587184554509,85.98052065697632,4.01947934302368,0.07009562020710469
